Id,Solar_power_forecast
1,2943.8888115632376
2,2621.672311051802
3,2537.3926151055302
4,2939.442201822831
5,3014.6719588469746
6,2900.2997065949776
7,2460.16496652829
8,2528.0758539378876
9,2460.7040349113495
10,2634.197956379369
11,3014.9352774164577
12,3010.6365517756453
13,2417.1300227819384
14,2216.258441979948
15,2428.7634085202685
16,2499.580219914535
17,2882.0709214284543
18,3110.1330387832395
19,3257.456332103061
20,3186.2957112764434
21,3160.772063673897
22,3151.8810918707695
23,2418.498344869328
24,2034.7840832434442
25,2126.81202446914
26,2125.103120481145
27,1978.4984373999025
28,1874.1439587063799
29,1952.4220415602254
30,2289.8456990368077
31,1922.1647658294435
32,2068.922822091786
33,2280.8388464480954
34,2593.737383443163
35,2594.819412277357
36,2392.467493021309
37,2512.2822312723642
38,2173.4927853074896
39,2361.9378338023985
40,2050.4005119109224
41,1957.1480218955567
42,2031.4761141887477
43,1660.1456404015398
44,1527.1966659975064
45,1732.2989168920972
46,1976.0007047074837
47,1770.8529681832529
48,2031.7149619486954
49,1913.313752416971
50,1616.9586290088218
51,1374.4464553934877
52,1706.4750370365218
53,1572.4346681363213
54,1662.3955594794863
55,1644.7868205833179
56,1813.7116298655524
57,1655.638814437203
58,1616.380736963343
59,1646.53919993222
60,1656.6644928846356
61,1569.6134042120382
62,1677.4076770156694
63,1878.9826224988074
64,1319.769362932575
65,1349.3144599840662
66,1610.3481389486033
67,1634.1429502572191
68,1743.2536890758022
69,1362.643845595171
70,1195.398860899809
71,1464.486583801111
72,1695.0225030051818
73,1774.3121041796608
74,1682.2674044466303
75,1299.3050713925588
76,1040.7658295254637
77,1244.3780536632955
78,1220.5304315736303
79,1278.848860233343
80,1398.3722629772456
81,1422.7732726705271
82,1027.1435578827611
83,1091.3209466855278
84,1139.9033445674963
85,1178.3230105454318
86,1193.3576728206215
87,1240.4326465727547
88,1213.2572184468136
89,1010.956967418691
90,1026.1206963731079
91,1140.3692294054533
92,1104.816396533385
93,974.4410547210954
94,867.0020267021546
95,932.5345168976505
96,1212.1219001723096
97,1180.5415873184008
98,1285.545353451514
99,1042.367381501416
100,977.4707342625637
101,1137.4339378454667
102,1188.0218689128367
103,1081.1366928793261
104,922.4054823320453
105,920.8674561040302
106,809.4618452544262
107,1016.8429783351756
108,1239.6479925341644
109,1241.7348671314646
110,1066.7120949654545
111,843.9281778382477
112,938.1943500821329
113,861.8350899093099
114,863.2549109121147
115,1021.8794706263283
116,1087.7982545625434
117,1034.6062735245089
118,1133.591496284778
119,1196.5276680745826
120,976.1015919729676
121,852.7525671915664
122,945.9751021552738
123,954.0386770783964
124,857.6679417965117
125,1001.8728174639347
126,1115.8512018478261
127,1119.8059995015242
128,1100.9712555780857
129,1080.5343920492244
130,916.9642210438745
131,1044.656689895509
132,1168.1863288370525
133,1095.8069198194705
134,1110.2929790781952
135,1189.866196413872
136,1137.85211391545
137,1152.102379952337
138,1010.9136348215933
139,981.5108444807021
140,1196.6337967046
141,1150.1468765950297
142,1370.7691449679726
143,1482.0219265793403
144,1380.8875905630211
145,1184.2943073079741
146,1175.3221754626495
147,1148.9783233846745
148,1178.5866273013596
149,1239.3365395158312
150,1210.2779561146092
151,1494.6823723716104
152,1596.8296273621884
153,1630.9975852630112
154,1621.6657586907404
155,1763.3404196547795
156,1953.6667133116111
157,1827.008555602396
158,1744.1218812684042
159,2030.3674231784862
160,2013.2919164586424
161,2249.339582478042
162,2294.8403738369516
163,2425.6847886622036
164,2532.4816601168973
165,2522.766915770806
166,2621.9946604838956
167,2572.293312921486
168,2546.8873167495544
169,2424.0674409672715
170,2249.46933697667
171,2286.0650857194455
172,2202.651569560374
173,2522.326180745537
174,2229.5410743577945
175,1673.8940568717303
176,1361.550090474958
177,1513.7650193826903
178,1568.518135627009
179,2166.541945022691
180,2121.898262865451
181,2172.1684271395743
182,2582.955324880455
183,2377.570483824833
184,2396.094277654263
185,2572.783956660159
186,2828.8182251192184
187,2508.5224339567244
188,2010.9463906624626
189,1740.6777674076582
190,1842.9821679183485
191,1754.205860640014
192,1700.7843074175566
193,2024.9943534888546
194,2231.645798876847
195,2277.367974233865
196,2577.0046350648054
197,2931.9515275277627
198,2490.6899313319627
199,2311.145195197305
200,2196.820412035783
201,2675.166351942457
202,2407.363118221734
203,2436.2049560626965
204,2237.3238301846204
205,2085.464579333411
206,2405.523972363619
207,2263.2975020181943
208,2652.091530516357
209,3070.467808202623
210,2908.7952513174478
211,2735.8925582550582
212,2431.4097178644197
213,2403.5188121697256
214,2308.8841587064026
215,2698.281512872453
216,3476.326831209209
217,3784.5468680863423
218,3462.7363769285116
219,3532.2239165881624
220,3823.974678392751
221,3865.6422201479995
222,3169.522718664744
223,2937.126506184957
224,2583.135726147129
225,2715.459557692395
226,2467.9116078322354
227,2876.6709053977365
228,3422.0822716194784
229,3483.156995658164
230,3525.4424760503202
231,3765.7378428981506
232,3868.459985902248
233,3641.112801180518
234,2829.491099956104
235,2670.268228786921
236,2822.7925260331103
237,2720.2292435291033
238,2827.3496148172735
239,3019.010799455342
240,3172.988067439218
241,2792.0870032390953
242,2946.8772963399897
243,3145.474626688777
244,3856.7598553548014
245,4311.858425912086
246,4171.095138224209
247,3888.3516335280956
248,3782.9429938661574
249,3204.835936345929
250,3090.7885117997994
251,2508.8942745050495
252,3056.321410393212
253,3202.3206304263435
254,2989.77046667112
255,3119.2549760401407
256,3394.954194017219
257,3455.7543056316867
258,3642.7772455425047
259,3899.467280857679
260,3668.386416521648
261,3563.688794155308
262,3180.651903168439
263,2871.2738775873117
264,3064.462940302838
265,3160.275477596925
266,3640.509750717989
267,3790.4768969816173
268,4358.896836575775
269,4501.047260132296
270,3247.139857088819
271,2661.961113961362
272,2623.1845371573713
273,3122.3760650602703
274,3649.4247741168288
275,4099.546752774358
276,4341.884281219722
277,4142.53738313174
278,4227.561260464281
279,4160.418679767093
280,4204.879826549001
281,4125.1305754710465
282,3416.630949290608
283,3682.5282982608205
284,3739.7373832936614
285,3689.0928353429817
286,3604.3738532466523
287,3970.519946824114
288,4246.3057694119325
289,4350.777966709892
290,4242.3066042203045
291,3719.2261727083646
292,3450.098289153209
293,3173.5559149260275
294,3152.5307799317175
295,3031.8486077565794
296,3910.6022345571014
297,4559.9198790391565
298,4648.918089071806
299,4438.862637284487
300,4370.949655612505
301,4418.747517370971
302,3838.290221750101
303,3403.455479037498
304,3109.496988043357
305,3407.5493073115485
306,3622.435703383829
307,3613.9383967159697
308,3739.6653451346406
309,4207.1018899719065
310,4387.361256388767
311,4386.127320173677
312,4208.314555540349
313,4451.221214186846
314,4230.877171059417
315,3694.17378020982
316,3907.22932090081
317,4290.622216749309
318,3482.6268619890448
319,3216.921377863344
320,3824.450107162533
321,4109.520851995819
322,3998.147932301384
323,4112.3588043821355
324,4090.085650508819
325,4217.794611825206
326,3460.943982204211
327,3237.3546956595796
328,3311.1608450908952
329,3504.2055767567604
330,3693.100260617871
331,3479.235657248831
332,3467.76112579964
333,3346.2347987253797
334,3679.2171836632283
335,3397.6658754376726
336,3328.621690470166
337,3233.3957019213444
338,3297.49345317344
339,3352.2464576471148
340,3486.6663582150995
341,4024.8007144422613
342,4190.393573467907
343,4285.80921296434
344,4171.413412836069
345,4065.226069937928
346,3771.2777673799055
347,3660.118023832731
348,3652.829903744048
349,3546.5390742355235
350,3545.2558426988903
351,3719.814023905497
352,3746.404090187003
353,3854.5737745038323
354,4077.386035407187
355,4207.5871111871475
356,4174.135640740016
357,4031.502442424572
358,3828.0412032919444
359,3206.3090391779183
360,2888.8089026762123
361,2754.971805249123
362,2864.015297155671
363,2979.391943781622
364,3101.804907254917
365,3179.5768825828422
366,3415.1767834131856
367,3294.061294716644
368,3617.023942618511
369,3819.9713077179827
370,3902.0909641545813
371,3954.3332939468464
372,3997.605241154505
373,4021.1233086210696
374,4036.947125560135
375,3970.22373895549
376,3588.467971845061
377,2975.397269566542
378,2874.5278559054304
379,3286.5421793308146
380,3419.6174872934776
381,3002.5694745362525
382,2764.9141709298983
383,2818.4245785096455
384,3034.5822880073792
385,2806.4942620968977
386,2241.051226729246
387,2631.1754417675315
388,2984.388880576337
389,3218.685269247916
390,3480.451207718698
391,3553.037332241216
392,3340.2814138141334
393,3226.927873698732
394,3053.8426696039246
395,3286.69253760123
