Id,Net_demand
1,473.5511380005688
2,473.6295015845327
3,473.62950158453316
4,434.7611639296849
5,473.6295015845324
6,473.62950158453253
7,473.6295015845331
8,473.5511380005701
9,473.629501584534
10,473.6295015845344
11,434.7611639296864
12,473.62950158453316
13,473.6295015845326
14,473.6295015845329
15,473.55113800057006
16,473.6295015845347
17,473.6295015845357
18,434.7611639296883
19,473.6295015845362
20,473.62950158453623
21,473.6295015845364
22,473.5511380005727
23,473.6295015845358
24,473.629501584536
25,434.7611639296885
26,473.62950158453657
27,473.6295015845365
28,473.62950158453674
29,473.55113800057364
30,473.629501584537
31,473.6295015845365
32,434.76116392968834
33,473.62950158453646
34,473.6295015845363
35,473.62950158453594
36,473.5511380005727
37,473.6295015845359
38,473.6295015845365
39,434.7611639296887
40,473.6295015845361
41,473.62950158453634
42,473.6295015845361
43,473.55113800057245
44,473.6295015845357
45,473.62950158453566
46,434.76116392968726
47,473.6295015845349
48,473.6295015845348
49,473.6295015845347
50,473.55113800057103
51,871.4814174589783
52,871.4814174589783
53,832.6130798041304
54,871.4814174589787
55,871.4814174589785
56,871.4814174589785
57,871.4030538750146
58,871.4814174589781
59,708.7202535292371
60,678.1584557764356
61,725.3333333333296
62,708.7202535292386
63,708.7202535292388
64,708.6418899452759
65,708.72025352924
66,708.7202535292404
67,271.99999999994907
68,310.86833765479645
69,310.868337654796
70,319.1748775568421
71,327.4030538749248
72,310.8683376547969
73,310.86833765479685
74,271.9999999999492
75,310.8683376547968
76,310.86833765479673
77,310.86833765479656
78,310.7899740708333
79,310.8683376547973
80,310.86833765479776
81,271.99999999995026
82,310.86833765479815
83,310.86833765479827
84,310.86833765479804
85,310.78997407083426
86,310.86833765479804
87,310.8683376547984
88,271.9999999999504
89,310.8683376547983
90,310.86833765479855
91,310.86833765479884
92,310.78997407083574
93,310.8683376547996
94,310.8683376548
95,271.99999999995237
96,310.8683376548002
97,310.8683376548003
98,310.8683376548005
99,310.7899740708371
100,310.868337654801
101,310.8683376548016
102,271.9999999999543
103,310.8683376548022
104,310.86833765480196
105,310.8683376548013
106,310.7899740708378
107,720.0829732065708
108,720.0829732065715
109,681.2146355517232
110,720.0829732065692
111,720.0829732065679
112,720.0829732065672
113,720.0046096226031
114,728.3895131086122
115,736.696053010658
116,681.2146355517185
117,720.0829732065667
118,720.082973206567
119,720.0829732065667
120,720.0046096226033
121,728.3895131086122
122,736.6960530106819
123,681.2146355517423
124,310.86833765482174
125,310.86833765482197
126,310.86833765482186
127,310.7899740708581
128,310.86833765482163
129,310.8683376548219
130,271.9999999999746
131,310.8683376548229
132,310.86833765482254
133,310.86833765482254
134,310.78997407085893
135,310.86833765482254
136,310.86833765482277
137,271.99999999997567
138,310.86833765482396
139,310.8683376548244
140,310.8683376548249
141,310.7899740708617
142,310.8683376548253
143,310.86833765482595
144,271.99999999997834
145,310.868337654826
146,310.86833765482584
147,310.8683376548259
148,310.7899740708623
149,310.86833765482567
150,310.86833765482595
151,271.9999999999781
152,310.86833765482555
153,310.868337654825
154,310.86833765482453
155,310.7899740708606
156,520.4909248055615
157,520.4909248055612
158,481.6225871507139
159,520.4909248055621
160,520.4909248055627
161,520.4909248055632
162,520.4125612215995
163,614.0570440795284
164,614.057044079528
165,575.1887064246805
166,614.057044079528
167,614.0570440795277
168,614.0570440795275
169,613.9786804955634
170,708.7202535292664
171,708.7202535292661
172,575.7372515125323
173,614.6055891673802
174,614.6055891673798
175,614.6055891673798
176,614.5272255834163
177,614.6055891673802
178,614.6055891673811
179,482.1711322385688
180,521.0394698934169
181,521.039469893417
182,521.0394698934172
183,520.9611063094533
184,521.0394698934166
185,521.0394698934165
186,271.99999999997715
187,310.8683376548248
188,310.8683376548248
189,310.86833765482373
190,310.78997407085944
191,310.86833765482305
192,310.86833765482277
193,271.9999999999745
194,310.8683376548221
195,310.8683376548225
196,310.8683376548226
197,310.78997407085853
198,310.86833765482174
199,310.86833765482163
200,271.99999999997425
201,310.868337654822
202,310.868337654822
203,310.8683376548215
204,310.7899740708575
205,310.8683376548213
206,473.62950158456266
207,434.7611639297155
208,473.6295015845638
209,473.6295015845635
210,473.6295015845622
211,473.5511380005985
212,473.62950158456243
213,473.6295015845629
214,434.7611639297156
215,473.62950158456397
216,473.62950158456437
217,473.6295015845639
218,473.5511380006002
219,683.2520887353014
220,691.5586286373473
221,660.9968308845448
222,683.2520887353005
223,683.2520887353005
224,683.252088735301
225,683.1737251513377
226,776.8182080092664
227,776.8182080092666
228,737.9498703544186
229,776.8182080092663
230,776.8182080092663
231,776.8182080092656
232,776.7398444253026
233,871.481417459006
234,871.481417459006
235,738.4984154422721
236,777.3667530971197
237,777.36675309712
238,777.3667530971195
239,777.2883895131552
240,777.3667530971181
241,785.6732929991642
242,755.1114952463623
243,683.8006338231532
244,683.8006338231532
245,683.8006338231528
246,683.7222702391886
247,683.8006338231521
248,692.1071737251976
249,661.545375972396
250,473.6295015845604
251,473.6295015845607
252,473.62950158456107
253,473.55113800059775
254,473.6295015845614
255,473.6295015845615
256,434.76116392971346
257,473.62950158456147
258,481.93604148660773
259,490.24258138865366
260,473.5511380005985
261,473.6295015845616
262,473.6295015845611
263,434.7611639297129
264,473.6295015845602
265,473.62950158456044
266,473.62950158456044
267,473.55113800059695
268,473.62950158455993
269,481.93604148660523
270,451.37424373380304
271,473.6295015845593
272,473.62950158455914
273,473.62950158455897
274,473.5511380005953
275,473.62950158455914
276,473.62950158455885
277,434.76116392971085
278,473.6295015845586
279,473.62950158455845
280,473.62950158455806
281,473.55113800059416
282,473.62950158455754
283,473.6295015845574
284,434.7611639297097
285,473.6295015845575
286,473.6295015845576
287,473.6295015845575
288,473.5511380005939
289,473.6295015845572
290,473.62950158455686
291,434.76116392970937
292,473.62950158455703
293,473.62950158455715
294,473.6295015845569
295,473.55113800059405
296,473.62950158455743
297,473.629501584557
298,434.76116392970874
299,473.62950158455703
300,473.6295015845573
301,473.6295015845571
302,473.551138000594
303,473.629501584558
304,473.62950158455834
305,434.7611639297105
306,473.6295015845583
307,473.6295015845583
308,473.6295015845587
309,473.5511380005946
310,917.0106597522704
311,917.0106597522697
312,878.1423220974218
313,917.0106597522695
314,917.0106597522695
315,925.317199654316
316,933.5453759723991
317,917.0106597522702
318,917.0106597522706
319,878.1423220974232
320,917.0106597522711
321,917.0106597522704
322,917.0106597522706
323,916.9322961683072
324,917.0106597522711
325,917.0106597522711
326,878.142322097423
327,917.0106597522713
328,917.010659752272
329,917.0106597522717
330,916.9322961683081
331,917.0106597522711
332,917.0106597522711
333,878.1423220974236
334,917.0106597522713
335,917.0106597522713
336,917.0106597522717
337,916.9322961683083
338,917.0106597522722
339,917.0106597522727
340,878.142322097425
341,917.0106597522729
342,917.0106597522724
343,917.0106597522717
344,916.9322961683074
345,917.0106597522704
346,917.0106597522706
347,886.4488619994688
348,933.6237395563624
349,917.0106597522706
350,917.0106597522704
351,916.9322961683065
352,917.0106597522692
353,917.0106597522695
354,878.1423220974214
355,917.010659752269
356,917.0106597522688
357,917.0106597522683
358,916.9322961683054
359,917.0106597522699
360,917.0106597522711
361,878.1423220974241
362,917.0106597522724
363,917.0106597522727
364,917.0106597522729
365,916.9322961683092
366,917.010659752272
367,917.0106597522715
368,434.7611639297097
369,473.62950158455686
370,473.6295015845564
371,473.62950158455624
372,473.55113800059263
373,473.6295015845559
374,473.6295015845558
375,434.7611639297081
376,473.62950158455635
377,473.62950158455703
378,473.6295015845577
379,473.5511380005945
380,473.6295015845578
381,473.62950158455766
382,434.7611639297097
383,473.6295015845581
384,473.62950158455845
385,473.6295015845587
386,473.55113800059587
387,473.62950158456005
388,473.62950158456067
389,434.7611639297129
390,473.6295015845602
391,473.6295015845598
392,473.62950158455914
393,473.5511380005952
394,473.62950158455897
395,310.8683376548173
