Id,Net_demand
1,41755.43229281448
2,35553.04679957329
3,31910.456324310522
4,38842.26523572273
5,41012.471780901804
6,41885.28581698026
7,40281.94746403999
8,37648.134201025634
9,33763.66069720975
10,32992.12539391409
11,38915.621268759234
12,39697.89396187006
13,41164.41369282022
14,41749.46059142886
15,41082.78987030654
16,36009.31076910754
17,33254.71574425516
18,40796.76484921323
19,42901.01541461591
20,43087.58860354453
21,43301.057375434204
22,42713.480520733254
23,36566.62233161814
24,34560.747149827395
25,39309.97968594391
26,39057.84509320057
27,40774.43383280905
28,44521.72048869304
29,43114.58184001621
30,33603.49235872172
31,32675.365877262233
32,42792.771977083146
33,44609.902155264106
34,41021.843261487906
35,42899.24880076236
36,42965.87824681391
37,38112.09021750394
38,35803.38902973718
39,41671.68170745438
40,43755.31221275421
41,44184.472961209685
42,43491.33425972974
43,40867.37515697454
44,34339.09564949987
45,31973.947881031625
46,39935.96437054838
47,40867.171689822026
48,39684.55298679788
49,39287.880670441904
50,38313.31152878473
51,33461.65020400476
52,29304.58648229348
53,35341.486759452724
54,39228.11626626589
55,39251.29474910412
56,38167.81397826859
57,37569.43662580132
58,32563.472421665203
59,33892.18685917555
60,38106.67291311801
61,31235.69251794617
62,36641.926209394725
63,40852.48306606078
64,42546.75746082004
65,40801.8362462316
66,37854.04420910744
67,43262.69104862113
68,42201.07949447431
69,44260.94544043474
70,46566.95117370879
71,41273.666768269046
72,39317.80506904665
73,41081.75537933862
74,47384.89703744968
75,47095.247228255444
76,45542.40007755546
77,43891.125735695896
78,46897.741735080665
79,45740.78886942276
80,43687.61013077585
81,49942.955230616404
82,51175.76716915951
83,50388.59565745421
84,50898.13695679882
85,52129.75446824255
86,47648.27962921602
87,46005.35499974777
88,53845.84838792574
89,57218.408806061765
90,58438.614265068325
91,58824.23422342847
92,59387.89266829278
93,53985.69589882972
94,53520.12034009139
95,62930.65957003875
96,65076.175950807505
97,64819.47961429207
98,65220.41504306845
99,66039.31533733499
100,60865.03004308391
101,61068.17754725466
102,69430.922738769
103,71310.11093556834
104,69205.85149723178
105,66426.47352617176
106,66930.08908140802
107,64398.926935635594
108,61320.57591183641
109,62764.29197971203
110,56934.864989708076
111,53825.9218906983
112,50115.90154049977
113,47185.19535739227
114,42175.68887133254
115,49855.87560989743
116,47893.816080098295
117,49856.9291407757
118,47546.453365887224
119,46362.11109386474
120,43604.76844136295
121,35371.989482993726
122,44141.83990415056
123,46728.884864054155
124,49854.13851470511
125,48802.52994623132
126,49999.20632026642
127,50383.44285213243
128,43729.091742574004
129,41967.64751735992
130,48856.609492705575
131,53247.22563381913
132,52439.83521923368
133,48941.51425736484
134,49007.0812132727
135,43684.72594040564
136,42946.128989409626
137,50656.179801159546
138,61403.4704197816
139,64708.74419164152
140,66960.75801537157
141,66238.80592121645
142,60908.80157561967
143,59622.31366072714
144,68276.56158887329
145,69553.82647215163
146,70200.8322130594
147,69430.13482857787
148,66872.3667020206
149,61394.897986335025
150,61801.973274954726
151,66664.19297077165
152,66185.88922258157
153,61747.73106311096
154,59355.4533556002
155,59021.33286501093
156,53862.01347195027
157,50452.3457760682
158,58049.9741376427
159,61815.83805869097
160,64696.14644695436
161,67255.18483795764
162,66892.92263606921
163,59334.27237459511
164,54904.59738047673
165,61064.61789047775
166,62145.71756794368
167,60533.33039073836
168,57469.52930707596
169,51718.12906078479
170,44204.2317368033
171,43874.62691190083
172,52495.12379112104
173,56247.2633667174
174,55708.59621250542
175,54755.61255035146
176,54238.2266369101
177,47951.894167135055
178,45561.934849436504
179,54798.64259128112
180,61341.689041525766
181,63578.05699767955
182,63037.398728674
183,61769.111202773645
184,55161.06619529915
185,53913.325367698286
186,61022.75448794193
187,60409.84540223538
188,53260.537956940985
189,48979.752914681034
190,44380.23970626729
191,46846.14738127929
192,43332.34240004545
193,43612.53822692885
194,43976.761075166745
195,51746.40386087418
196,50437.419642493456
197,47500.89260457172
198,42157.277844037904
199,40281.880841919156
200,49396.587294220146
201,50019.33658354586
202,45592.34031391812
203,41970.94983112503
204,39972.148542171875
205,35420.37128169871
206,34989.18202848692
207,46236.941979822564
208,49650.511689707084
209,47088.790263785624
210,41171.770171871976
211,34241.318430310035
212,33414.15037447364
213,36418.58323842191
214,47105.30342383146
215,50518.30681268262
216,52216.50601363067
217,50094.47385034084
218,48125.65680370449
219,41833.53410616419
220,38364.062575584365
221,35903.40784873991
222,37762.05654030074
223,39812.47875710842
224,42429.82653186883
225,43946.07987768148
226,38884.717180782915
227,38348.68378772894
228,44609.3627603615
229,43707.276376113165
230,41743.54522771646
231,42217.36556298606
232,43357.956942178826
233,37910.94557796433
234,33280.619659653275
235,40637.20348735159
236,44415.16295767077
237,45156.56686345587
238,43167.19920958909
239,39457.795295662516
240,35063.57631184684
241,32824.675915573185
242,33978.48875883472
243,37084.87517282537
244,38536.55308150734
245,37957.26139739623
246,38681.23212159456
247,34478.07416699222
248,31922.515417699196
249,32463.003333061613
250,36083.78695363139
251,38355.47430617573
252,40774.68015191649
253,40849.07363476795
254,34692.50509445858
255,33119.616817774026
256,39412.502658799596
257,40477.27268013856
258,38664.21463471383
259,33368.25277878046
260,35170.11933757785
261,29959.53855540527
262,30144.84628796488
263,37805.09298701991
264,37590.65349788917
265,37704.81341546929
266,36260.91742358102
267,34695.62629012836
268,30718.33922302372
269,27969.97551901756
270,26750.302655049465
271,30546.877288696553
272,32822.519569267344
273,35445.34587944504
274,35627.41073900637
275,30268.977044742576
276,29486.515221242054
277,36425.901981943396
278,37194.36372677204
279,36352.01756371121
280,36361.14222283331
281,36697.95939761989
282,32189.885584567834
283,30950.65578972288
284,38068.36007216396
285,38210.544654361365
286,37663.563502109915
287,38558.895896820424
288,39272.637202266036
289,33811.06292916965
290,31811.60327712435
291,38103.287899136354
292,38730.43582659695
293,39422.81990679762
294,39025.828523195116
295,37740.40102849134
296,32642.441996227673
297,30052.396634578057
298,37550.57675026752
299,40355.8676579324
300,40018.946294143745
301,39947.267013421326
302,38528.07064692505
303,30063.271241255567
304,28000.448011716242
305,35710.911645329346
306,38120.07598812569
307,37712.30785935328
308,39157.62613524589
309,38037.53049930784
310,33594.25044578187
311,33148.31206754694
312,40047.25708605806
313,41102.80369413727
314,41498.91951681537
315,40440.25927847903
316,31218.03924222313
317,27830.792360675336
318,30797.714747616614
319,38636.51586246682
320,40872.16202664297
321,40690.35402572395
322,41749.040182780474
323,40182.54345224865
324,34336.53261815113
325,30273.898524846554
326,37388.614531897074
327,39721.036818791625
328,38738.82812228581
329,36727.806169000934
330,35908.02879197748
331,30819.935251535902
332,29117.91024315608
333,35003.92614943658
334,33458.60579585968
335,30663.631788454655
336,33035.17157551754
337,35808.70756866272
338,29557.037049365612
339,26187.69834341073
340,35640.82134185576
341,36185.26554866288
342,35849.74378253337
343,35949.982488788795
344,36010.86851775591
345,30767.374317641796
346,30901.213161347707
347,35786.7502074723
348,30072.167244421762
349,34768.54761990311
350,35912.98258959904
351,35873.640398182244
352,31615.576835804433
353,32179.792515857745
354,39624.097016468695
355,40139.46752802403
356,40624.49865323254
357,40349.39147414528
358,39992.40223559306
359,36564.0069260046
360,33272.635627801035
361,39114.35010329142
362,40187.807870650286
363,39318.85083273287
364,38673.35078173567
365,38071.48303930434
366,34008.12498254922
367,30801.037365149386
368,35726.85708092511
369,38299.21500078012
370,40304.89128958534
371,40841.20465500072
372,40198.584683700064
373,35246.13431197568
374,32507.20234882964
375,40188.49240652867
376,42080.08002354814
377,41851.55798146662
378,41731.466029973286
379,39353.07970109126
380,33320.73782459971
381,30590.86387046289
382,36838.973142248025
383,38167.557045163514
384,36926.36023970152
385,38544.32390245152
386,38777.648544495234
387,34551.43220714293
388,31990.57826790802
389,39700.75055065542
390,40302.4819377877
391,39233.549314926146
392,39404.01470216281
393,37461.21205215252
394,34597.14084142169
395,37959.343570258265
