Date,Wind_power_pred,Wind_power_actual
2022-09-02,3185.4902,1716.04166666667
2022-09-03,2574.3035,1862.04166666667
2022-09-04,2477.325,2340.52083333333
2022-09-05,3312.2546,3396.375
2022-09-06,3889.5283,3008.22916666667
2022-09-07,3365.2542,3232.875
2022-09-08,3825.754,5521.16666666667
2022-09-09,5048.6406,7863.10416666667
2022-09-10,6703.909,3616.9375
2022-09-11,5141.0107,1224.5625
2022-09-12,2522.716,2324.16666666667
2022-09-13,4374.915,2734.10416666667
2022-09-14,4072.0332,2400.75
2022-09-15,4042.9797,1707.72916666667
2022-09-16,3473.0737,3450.0
2022-09-17,4448.9546,4597.52083333333
2022-09-18,4874.1743,3692.875
2022-09-19,4095.8794,2689.58333333333
2022-09-20,3695.5562,2199.45833333333
2022-09-21,3433.1062,2316.27083333333
2022-09-22,3782.7947,1263.20833333333
2022-09-23,2785.032,1066.85416666667
2022-09-24,2923.4602,1913.5
2022-09-25,2707.9353,2507.16666666667
2022-09-26,3742.3462,7046.52083333333
2022-09-27,6315.1543,7268.1875
2022-09-28,7099.703,4150.25
2022-09-29,6031.659,1633.95833333333
2022-09-30,3924.093,3728.125
2022-10-01,4898.036,10257.5833333333
2022-10-02,7366.1426,4760.16666666667
2022-10-03,6837.558,1302.6875
2022-10-04,4300.8813,1434.1875
2022-10-05,3639.1533,6722.47916666667
2022-10-06,6846.0366,1813.16666666667
2022-10-07,3945.868,1516.39583333333
2022-10-08,3992.1487,1882.08333333333
2022-10-09,3338.0479,3431.22916666667
2022-10-10,4620.4414,2818.08333333333
2022-10-11,4121.002,2091.64583333333
2022-10-12,3653.6152,997.645833333333
2022-10-13,2484.9294,2906.5
2022-10-14,4615.135,4862.875
2022-10-15,5793.5312,6488.9375
2022-10-16,7280.604,3899.35416666667
2022-10-17,5069.849,4866.0
2022-10-18,5890.8657,2529.14583333333
2022-10-19,4123.9326,6054.41666666667
2022-10-20,7363.1353,5510.10416666667
2022-10-21,6808.117,6887.125
2022-10-22,7973.821,4125.83333333333
2022-10-23,6303.6646,9376.8125
2022-10-24,8840.462,10205.1041666667
2022-10-25,8929.248,4172.29166666667
2022-10-26,6625.267,5090.77083333333
2022-10-27,7264.433,6411.41666666667
2022-10-28,8233.559,5271.125
2022-10-29,7111.727,5404.02083333333
2022-10-30,7457.18,2973.3125
2022-10-31,5148.3467,6259.83333333333
2022-11-01,6937.4116,10800.8125
2022-11-02,9065.079,6474.83333333333
2022-11-03,7412.7783,9476.58333333333
2022-11-04,8920.163,6912.33333333333
2022-11-05,7935.371,3957.47916666667
2022-11-06,6047.0254,8567.97916666667
2022-11-07,9096.642,9984.75
2022-11-08,8953.093,11679.5208333333
2022-11-09,9979.148,6393.64583333333
2022-11-10,8491.782,3340.77083333333
2022-11-11,5676.143,3146.52083333333
2022-11-12,4812.222,3008.97916666667
2022-11-13,5142.543,2071.45833333333
2022-11-14,4425.4785,4180.125
2022-11-15,6098.262,8332.875
2022-11-16,8192.917,10037.3125
2022-11-17,8913.109,11801.7916666667
2022-11-18,9490.331,5456.27083333333
2022-11-19,6949.857,2725.10416666667
2022-11-20,5391.948,7028.72916666667
2022-11-21,7668.434,8767.22916666667
2022-11-22,9081.155,11244.4791666667
2022-11-23,8520.551,9845.29166666667
2022-11-24,8247.811,8655.04166666667
2022-11-25,8769.334,4220.27083333333
2022-11-26,7122.2964,3873.72916666667
2022-11-27,6357.2573,6514.58333333333
2022-11-28,7606.0425,3676.625
2022-11-29,6058.0728,1809.41666666667
2022-11-30,4006.9768,2106.45833333333
2022-12-01,4740.9287,3517.1875
2022-12-02,4679.9453,3028.5625
2022-12-03,4438.041,5289.0625
2022-12-04,6956.4067,2422.375
2022-12-05,4381.5225,1281.0625
2022-12-06,3357.291,1915.47916666667
2022-12-07,3950.5813,2150.875
2022-12-08,4132.445,1913.75
2022-12-09,3400.9214,2377.83333333333
2022-12-10,4227.4883,1842.08333333333
2022-12-11,3510.942,2168.29166666667
2022-12-12,3557.304,3089.16666666667
2022-12-13,4160.3833,4510.72916666667
2022-12-14,5555.51,2261.89583333333
2022-12-15,3811.1526,5503.41666666667
2022-12-16,6564.6294,3909.0625
2022-12-17,5135.438,2824.66666666667
2022-12-18,4055.4016,7982.08333333333
2022-12-19,7426.1987,12747.2708333333
2022-12-20,9503.91,10140.2083333333
2022-12-21,8881.546,7898.5
2022-12-22,8603.979,12151.8541666667
2022-12-23,10488.264,11217.5416666667
2022-12-24,9795.263,5022.0
2022-12-25,8013.7417,6101.41666666667
2022-12-26,7733.6978,7111.72916666667
2022-12-27,7646.875,5178.58333333333
2022-12-28,7566.811,12711.7291666667
2022-12-29,9097.588,10588.625
2022-12-30,8229.898,12580.4583333333
2022-12-31,9367.834,14845.5
2023-01-01,9490.587,10304.4375
2023-01-02,8671.78,6145.14583333333
2023-01-03,7421.223,6694.1875
2023-01-04,7243.933,12983.4166666667
2023-01-05,8924.746,6307.45833333333
2023-01-06,7453.5366,6483.35416666667
2023-01-07,7515.485,11311.3333333333
2023-01-08,9331.211,10460.0625
2023-01-09,9528.232,12579.25
2023-01-10,9481.052,10228.5
2023-01-11,9295.986,11360.2083333333
2023-01-12,10145.58,13985.625
2023-01-13,10332.375,11365.5833333333
2023-01-14,10098.843,12068.3125
2023-01-15,10108.354,12205.875
2023-01-16,9239.949,11411.1041666667
2023-01-17,9513.113,3428.77083333333
2023-01-18,6066.5566,3809.60416666667
2023-01-19,6300.2876,2372.97916666667
2023-01-20,5199.7295,3311.875
2023-01-21,5835.221,6851.02083333333
2023-01-22,7918.0503,4546.52083333333
2023-01-23,6705.0977,5575.33333333333
2023-01-24,6856.1016,4865.33333333333
2023-01-25,6488.899,1824.0625
2023-01-26,4568.2065,4229.70833333333
2023-01-27,6089.1704,7173.79166666667
2023-01-28,7477.0454,4511.0625
2023-01-29,6520.4795,2165.72916666667
2023-01-30,4791.799,5159.0625
2023-01-31,6342.448,4355.64583333333
2023-02-01,5956.9775,7230.16666666667
2023-02-02,7055.2466,5975.0
2023-02-03,7369.1577,5565.5
2023-02-04,6666.791,2704.14583333333
2023-02-05,4955.8887,6750.83333333333
2023-02-06,7361.848,5736.47916666667
2023-02-07,6653.345,5921.04166666667
2023-02-08,7794.0903,2729.0625
2023-02-09,5054.308,1158.58333333333
2023-02-10,3583.3442,1412.89583333333
2023-02-11,3575.0276,1976.83333333333
2023-02-12,4355.9043,2772.54166666667
2023-02-13,4357.417,2543.77083333333
2023-02-14,4022.333,2623.5
2023-02-15,4165.647,3124.72916666667
2023-02-16,4117.683,4785.8125
2023-02-17,5674.489,6517.35416666667
2023-02-18,7119.545,6236.9375
2023-02-19,7183.4404,3764.875
2023-02-20,4922.0366,2352.45833333333
2023-02-21,4327.39,1561.66666666667
2023-02-22,3510.9917,2420.41666666667
2023-02-23,4840.7935,2740.8125
2023-02-24,5053.2627,3728.72916666667
2023-02-25,4654.1655,4670.41666666667
2023-02-26,6168.3677,11475.0416666667
2023-02-27,9461.779,10738.3958333333
2023-02-28,9473.545,6457.85416666667
2023-03-01,8492.092,6080.02083333333
2023-03-02,7697.434,3352.10416666667
2023-03-03,6128.3374,3718.39583333333
2023-03-04,5590.632,3273.0
2023-03-05,5836.7397,1496.85416666667
2023-03-06,4543.6943,2396.6875
2023-03-07,4707.6973,5808.08333333333
2023-03-08,6548.187,10096.3541666667
2023-03-09,9715.13,12237.75
2023-03-10,10365.813,12604.2291666667
2023-03-11,10810.573,3737.5625
2023-03-12,7027.9595,7832.9375
2023-03-13,8389.623,13497.9791666667
2023-03-14,10795.723,12183.2083333333
2023-03-15,10697.611,2674.45833333333
2023-03-16,6024.7803,6258.45833333333
2023-03-17,7118.79,6418.35416666667
2023-03-18,7613.5684,5218.3125
2023-03-19,7484.1484,2876.47916666667
2023-03-20,5073.5146,2082.10416666667
2023-03-21,4332.4526,4154.08333333333
2023-03-22,5553.3296,9251.8125
2023-03-23,8723.8,10451.625
2023-03-24,9026.827,11812.5833333333
2023-03-25,9542.045,10602.0833333333
2023-03-26,8954.666,9139.4375
2023-03-27,8314.7705,3579.04166666667
2023-03-28,6031.2925,4327.41666666667
2023-03-29,7452.483,5515.25
2023-03-30,7027.3936,9776.79166666667
2023-03-31,8045.636,14420.0208333333
2023-04-01,9681.789,11533.3541666667
2023-04-02,10292.517,7386.5
2023-04-03,7605.718,5590.1875
2023-04-04,7782.106,4593.875
2023-04-05,7348.7046,1639.375
2023-04-06,5398.7163,3452.47916666667
2023-04-07,6296.4814,2145.35416666667
2023-04-08,4541.5107,2557.77083333333
2023-04-09,4498.5093,2167.58333333333
2023-04-10,3623.675,6144.4375
2023-04-11,6069.225,6646.70833333333
2023-04-12,5806.135,11071.5416666667
2023-04-13,7849.3223,8145.3125
2023-04-14,6988.5264,5802.16666666667
2023-04-15,6387.2637,6853.83333333333
2023-04-16,6773.409,4061.16666666667
2023-04-17,6157.1753,4176.04166666667
2023-04-18,5744.8223,6066.0625
2023-04-19,6480.559,5247.8125
2023-04-20,6087.375,5552.35416666667
2023-04-21,5949.8496,2482.04166666667
2023-04-22,4507.4614,4804.625
2023-04-23,5397.1587,8413.45833333333
2023-04-24,7281.5396,5661.85416666667
2023-04-25,5918.672,2315.25
2023-04-26,4556.271,1631.97916666667
2023-04-27,3931.6882,1735.89583333333
2023-04-28,3896.2031,4292.5625
2023-04-29,5334.423,1712.35416666667
2023-04-30,4009.1616,2668.375
2023-05-01,3832.277,3116.33333333333
2023-05-02,3865.454,3195.77083333333
2023-05-03,3853.084,5856.6875
2023-05-04,5882.052,5853.41666666667
2023-05-05,6011.579,2470.5
2023-05-06,3844.6428,1457.1875
2023-05-07,3210.5483,1759.375
2023-05-08,3755.7598,1871.47916666667
2023-05-09,3078.468,4270.60416666667
2023-05-10,4405.7715,5611.8125
2023-05-11,5189.748,2268.3125
2023-05-12,3771.3135,3314.27083333333
2023-05-13,4086.705,4796.5
2023-05-14,4522.935,3290.75
2023-05-15,4218.221,4843.66666666667
2023-05-16,4352.6694,7328.66666666667
2023-05-17,6773.6084,6278.85416666667
2023-05-18,5986.268,4845.22916666667
2023-05-19,4860.099,5030.97916666667
2023-05-20,4664.9253,5850.10416666667
2023-05-21,6298.1523,4141.08333333333
2023-05-22,5043.0234,2924.54166666667
2023-05-23,4112.683,5887.27083333333
2023-05-24,6572.93,5630.6875
2023-05-25,5746.127,7095.39583333333
2023-05-26,6676.316,5793.16666666667
2023-05-27,5810.816,4284.60416666667
2023-05-28,5096.037,4281.04166666667
2023-05-29,4700.4355,7547.70833333333
2023-05-30,7346.2563,7689.9375
2023-05-31,6587.785,6624.16666666667
2023-06-01,6534.5415,5458.27083333333
2023-06-02,5924.261,5741.5
2023-06-03,6245.158,4626.83333333333
2023-06-04,5652.017,4720.6875
2023-06-05,5959.219,4518.79166666667
2023-06-06,5961.2944,3985.16666666667
2023-06-07,5084.542,4039.45833333333
2023-06-08,4841.0312,3982.14583333333
2023-06-09,4751.3003,3549.5
2023-06-10,4457.06,2023.77083333333
2023-06-11,2753.5364,1716.16666666667
2023-06-12,2682.3555,1597.3125
2023-06-13,2903.3647,2969.75
2023-06-14,3909.1274,2718.08333333333
2023-06-15,3533.3076,2178.6875
2023-06-16,3353.3613,1272.33333333333
2023-06-17,2356.4004,1182.3125
2023-06-18,2372.7534,2811.4375
2023-06-19,4131.3955,1871.97916666667
2023-06-20,2302.0618,2913.04166666667
2023-06-21,3448.36,1263.8125
2023-06-22,2166.9153,3748.35416666667
2023-06-23,3584.1865,2028.41666666667
2023-06-24,2520.2427,2093.875
2023-06-25,2474.6675,2994.04166666667
2023-06-26,3453.1384,4127.4375
2023-06-27,3848.9602,2198.9375
2023-06-28,3019.8855,1603.85416666667
2023-06-29,2411.12,1992.16666666667
2023-06-30,2655.3252,3824.125
2023-07-01,3425.4724,7958.0625
2023-07-02,6197.692,4511.33333333333
2023-07-03,4499.3755,4959.27083333333
2023-07-04,4886.8457,3998.02083333333
2023-07-05,4047.14,6916.25
2023-07-06,6000.0337,1054.66666666667
2023-07-07,2637.7827,3249.6875
2023-07-08,4764.596,2455.83333333333
2023-07-09,3481.3247,1985.70833333333
2023-07-10,2544.982,1620.79166666667
2023-07-11,2519.2537,3299.22916666667
2023-07-12,4193.96,4041.60416666667
2023-07-13,3780.0205,2614.29166666667
2023-07-14,3512.8528,4945.10416666667
2023-07-15,4845.42,7544.83333333333
2023-07-16,6412.16,5127.39583333333
2023-07-17,4653.5566,2459.16666666667
2023-07-18,3578.6477,2078.14583333333
2023-07-19,3332.38,4000.64583333333
2023-07-20,4192.257,1651.54166666667
2023-07-21,2630.5713,2757.875
2023-07-22,4046.2163,3742.08333333333
2023-07-23,3865.0667,7099.39583333333
2023-07-24,5621.2383,5090.64583333333
2023-07-25,4570.9434,4509.79166666667
2023-07-26,4494.5273,2663.39583333333
2023-07-27,3739.0933,6617.35416666667
2023-07-28,6412.442,3553.47916666667
2023-07-29,4711.425,4259.39583333333
2023-07-30,4981.6895,5525.16666666667
2023-07-31,4852.656,9077.83333333333
2023-08-01,7104.828,8921.66666666667
2023-08-02,6713.7827,13266.7708333333
2023-08-03,9218.728,8614.29166666667
2023-08-04,6526.3193,3640.52083333333
2023-08-05,5213.4443,8045.04166666667
2023-08-06,7950.745,10382.2083333333
2023-08-07,7632.1504,2883.47916666667
2023-08-08,5069.633,2268.77083333333
2023-08-09,4489.893,1731.60416666667
2023-08-10,3619.7444,2064.8125
2023-08-11,3084.2822,1834.91666666667
2023-08-12,3281.3894,2484.3125
2023-08-13,4227.0566,1607.08333333333
2023-08-14,3257.9004,2590.1875
2023-08-15,4359.7764,1335.10416666667
2023-08-16,2768.7432,1592.39583333333
2023-08-17,3133.2676,1933.54166666667
2023-08-18,2641.0068,2216.47916666667
2023-08-19,4115.2827,2479.39583333333
2023-08-20,3765.3518,1384.0625
2023-08-21,2268.089,1463.41666666667
2023-08-22,2378.2676,1468.875
2023-08-23,2362.6294,1697.16666666667
2023-08-24,2460.145,4199.3125
2023-08-25,4321.3745,3929.3125
2023-08-26,3939.9214,2889.08333333333
2023-08-27,3418.8728,3758.1875
2023-08-28,3645.594,3311.875
2023-08-29,3718.8093,2240.875
2023-08-30,3272.059,3659.375
2023-08-31,3895.9285,3784.97916666667
2023-09-01,4071.3867,3448.83333333333
2023-09-02,4118.83,2148.3125
2023-09-03,3510.2153,3703.39583333333
2023-09-04,4203.9907,5799.89583333333
2023-09-05,4912.0405,3773.3125
2023-09-06,4376.8687,2126.10416666667
2023-09-07,2854.363,1809.72916666667
2023-09-08,2687.6777,1306.10416666667
2023-09-09,2741.7234,1771.52083333333
2023-09-10,3006.9673,2411.14583333333
2023-09-11,3911.4194,1681.16666666667
2023-09-12,2576.0376,1376.66666666667
2023-09-13,2604.1653,1456.22916666667
2023-09-14,2513.623,1147.77083333333
2023-09-15,2331.9854,2725.08333333333
2023-09-16,3541.9648,3082.5
2023-09-17,3724.9924,3191.45833333333
2023-09-18,3615.9343,7282.54166666667
2023-09-19,5849.8237,6217.1875
2023-09-20,5980.801,7914.14583333333
2023-09-21,7233.4233,6266.35416666667
2023-09-22,6277.8774,6437.4375
2023-09-23,6427.1953,2704.8125
2023-09-24,5124.819,3606.41666666667
2023-09-25,5264.478,2092.35416666667
2023-09-26,3503.2297,1666.02083333333
2023-09-27,4156.492,2993.27083333333
2023-09-28,4900.6743,2688.5625
2023-09-29,4454.9106,5658.64583333333
2023-09-30,6293.2915,1093.6875
